Tier	Biomarker	Alteration	Tumour Type	Drugs	Comments	Evidence
1	ALK	EML4-ALK Fusion, Fusions	Non-small cell lung cancer	Alectinib	PBS reimbursed. Requires fluorescence in situ hybridisation (FISH) testing for ALK gene rearrangement, defined as 15% (or greater) positive cells. In first-line setting, alectinib had a superior 12 months EFS of 68% vs crizotinib 49% (ALEX trial). In J-ALEX trial, the median PFS was NR (alectinib) vs 10.2 months (crizotinib).	28586279, 28501140
1	ALK	EML4-ALK Fusion, Fusions	Non-small cell lung cancer	Ceritinib	PBS reimbursed. Requires fluorescence in situ hybridisation (FISH) testing for ALK gene rearrangement, defined as 15% (or greater) positive cells. ASCEND-5 – In post-crizotinib and chemotherapy setting, Ceritinib had superior median PFS than 5.4 v docetaxel 1.6 months. ASCEND-4 – In first-line setting, Ceritinib has superior PFS 16.6 vs platinum chemotherapy 8.1 months.	24670165, 28126333, 28602779
1	ALK	EML4-ALK Fusion, Fusions	Non-small cell lung cancer	Crizotinib	PBS reimbursed. Requires fluorescence in situ hybridisation (FISH) testing for ALK gene rearrangement, defined as 15% (or greater) positive cells. PROFILE1014 trial – in the first-line setting, Crizotinib had a superior PFS 10.9 vs chemotherapy 7.0 months. In the second-line setting, Crizotinib had longer PFS 7.7 vs docetaxel 3.0 months. No OS difference shown in either trials due to crossover of subgroups.	20979469, 25470694
1	ALK	EML4-ALK Fusion, Fusions 	Non-small cell lung cancer	Brigatinib	TGA approved. PBS reimbursed; FDA approved	30280657, 32780660
1	ALK	EML4-ALK Fusion, Fusions 	Non-small cell lung cancer	Lorlatinib	PBS reimbursed after progression on ALK inhibitor other than Crizotinib.  Requires fluorescence in situ hybridisation (FISH) testing for ALK gene rearrangement, defined as 15% (or greater) positive cells. In Phase 3 trial vs crizotinib (CROWN): OS was superior at12 months 78% vs 39%	30413378, 33207094, 10.1016/j.annonc.2020.08.2282
1	CD20	Protein expression	Non-Hodgkin’s lymphoma; Chronic lymphocytic leukaemia; Acute lymphoblastic leukaemia; Hodgkin’s lymphoma	Rituximab	PBS reimbursed. References non-exhaustive	11807147, 20888994
1	CD274	Protein expression	Non-small cell lung cancer	Pembrolizumab	PBS reimbursed. TGA approved as monotherapy for the first-line treatment of patients with NSCLC expressing PD-L1, and EGFR and ALK negative. Defined as tumour proportion score (TPS) greater than or equal to 1%. KEYNOTE 042 and KEYNOTE-024. 	27718847, 30955977
1	CD274	Protein expression	Non-small cell lung cancer	Pembrolizumab	PBS reimbursed. TGA approved as monotherapy for the subsequent-line treatment of patients with NSCLC expressing PD-L1 (defined as tumour proportion score (TPS) greater than or equal to 1%), and EGFR and ALK negative. KEYNOTE-010	26712084
1	EGFR	Exon 19 deletion, L858R, Exon 21 mutation	Non-small cell lung cancer	Afatinib	PBS reimbursed, In the first-line setting, median PFS was 11.0 vs 5.6 months for chemotherapy (LUX-Lung 6, Asian patients), 11.1 vs 6.9 months (chemotherapy, LUX-Lung 3) and afatinib has significant TTF and PFS improvement over gefitinib. LUX-Lung 7). ORR was 61% in the second-line setting  (LUX-Lung 2).	22452895, 23816960, 24439929, 27083334
1	EGFR	Exon 19 deletion, L858R, Exon 21 mutation	Non-small cell lung cancer	Erlotinib	PBS reimbursed, OPTIMAL	16014882, 16014883
1	EGFR	Exon 19 deletion, L858R, Exon 21 mutation	Non-small cell lung cancer	Gefitinib	PBS reimbursed	15118125, 19692680, 20573926
1	EGFR	Exon 19 deletion, L858R, Exon 21 mutation	Non-small cell lung cancer	Osimertinib	PBS reimbursed, FLAURA: osimertinib had median DOR 17.2 months versus standard EGFR TKIs of 8.5 months.	29151359
1	EGFR	Exon 19 deletion, L858R, Exon 21 mutation, T790M	Non-small cell lung cancer	Osimertinib	PBS reimbursed. AURA3: In second-line setting, osimertinib was found to have significantly longer PFS 10.1 vs platinum chemotherapy 4.4 months. 	27959700
1	EGFR	G719, L861Q, S768I	Non-small cell lung cancer	Afatinib	PBS reimbursed. LUX-Lung 6	24439929
1	ROS1	Fusions	Non-small cell lung cancer	Crizotinib	PBS reimbursed. ROS1-positivity is defined as gene rearrangement &gt;15% positive cells by FISH	25264305
1	ROS1	Fusions	Non-small cell lung cancer	Entrectinib	PBS reimbursed. ROS1-positivity is defined as gene rearrangement &gt;15% positive cells by FISH	28183697, 10.1200/jco.2015.33.15_suppl.2517
1B	BRAF	V600E	Non-small cell lung cancer	Dabrafenib + Trametinib	TGA approved. Not PBS reimbursed	29072975
1B	CD274+EGFR+ALK	CD274:Protein expression and NOT EGFR:Oncogenic mutations and NOT ALK:fusion	Non-small cell lung cancer	Atezolizumab	TGA approved; IMPower110: First-line treatment in PD-L1 positive population (defined as positive stain on &gt;=least 1% of tumour cells or tumor-infiltrating immune cells &gt;= 1% of the tumor area), EGFR and ALK negative. Median OS: 20 vs 13 months (chemotherapy)	32997907, 10.1093/annonc/mdz293
1B	CD274+EGFR+ALK	CD274:Protein expression and NOT EGFR:Oncogenic mutations and NOT ALK:fusion	Non-small cell lung cancer	Nivolumab + Ipilimumab	TGA approved; FDA approved; Checkmate 227. PD-L1 positivity defined as &gt;= 1% of tumour cells using Dako 28-8 pharmDx assay. EGFR and ALK negative	31562796
2	ALK	Fusion	Non-small cell lung cancer	Ensartinib	Phase 3. eXalt3. Median PFS of Ensartinib was 25.8 months versus 12.7 months (Crizotinib) in the first-line metastatic setting.	10.1001/jamaoncol.2021.3523
2	CD274	Protein expression	Non-small cell lung cancer	Cemiplimab	Not TGA approved. FDA Approved. EMPOWER-Lung 1: As first-line treatment, cemiplimab resulted in median PFS of 8.2 (vs 5.7 mo chemotherapy, HR 0.54) in patients with PD-L1 expression (Tumour proportion score) &gt;= 50% as determined by the 22C3 PharmDx assay. EGFR, ALK, and ROS1 negative population. Duration and depth of response correlate to PD-L1 TPS.	33581821, 10.1016/j.annonc.2020.08.2285
2	EGFR	A763_Y764insFQEA	Non-small cell lung cancer	Afatinib; Gefitinib; Erlotinib	Not explicitly TGA listed.	27413714, 10.1200/JCO.2019.37.15_suppl.e20593
2	EGFR	C797S, Exon 20 insertion	Non-small cell lung cancer	Amivantamab		10.1200/JCO.2019.37.15_suppl.9009, 10.1200/JCO.2020.38.15_suppl.9512 
2	EGFR	Exon 19 deletion, L858R	Non-small cell lung cancer	Apatinib + Gefitinib 	Apatinib not TGA or FDA approved. ACTIVE Phase 3 trial.	10.1016/j.annonc.2020.08.2283
2	EGFR	Exon 19 deletion, L858R	Non-small cell lung cancer	Dacomitinib	Not TGA approved. ARCHER 1009/1050	28958502, 25439691
2	EGFR	Exon 20 insertion	Non-small cell lung cancer	Amivantamab	Not TGA approved. FDA accelerated approval 21/05/2021. Phase 1 CHRYSALIS trial. ORR 40%, including 3 CR. Median DOR 11.1 months. Median PFS 8.3 months.	34339292, 32414908, 10.1200/JCO.2020.38.15_suppl.9512
2	EGFR	Exon 20 insertion	Non-small cell lung cancer	Mobocertinib	Not TGA approved. FDA approved 15/09/2021. NCT02716116: Phase 1/2 trial. ORR to TAK-788 was 43% in 28 patients who had exon 20 insertion. Median DOR was 14 months. Median PFS was 7.3 months.	33632775
2	EGFR	G719, L861Q, S768I	Non-small cell lung cancer	Erlotinib; Gefitinib	Intermediate response to 1G TKI with resistance data	27413714, 28184913
2	ERBB2	S310F, S310Y, L755S, L755P, A769H, A775_G776insYVMA, A775_G776insTVMA, G776S, G776delinsVC, V777L, G778_P780dup, G778_S779insLPS, Exon 20 insertion, Exon 20 mutation	Non-small cell lung cancer	Fam-trastuzumab deruxtecan-nxki	DESTINY-Lung01. Phase 1/2. N=91. ORR 50/91 (55%). Median DOR 9.3 months. Median PFS 8.2 months. Median OS 17.8 months. DCR 84/91 (92%).	34534430, 10.1016/annonc/annonc741
2	KRAS	G12C	Non-small cell lung cancer	Sotorasib	Not TGA approved. FDA approved for second-line and beyond. Phase 2 CODEBREAK100. Previously treated patients. ORR 37%. PFS 6.8mo. OS 12.5mo.	32955176, 34096690, 10.1016/j.jtho.2019.09.020, 10.1200/JCO.2021.39.15_suppl.9003
2	MET	Amplification, D1010, Exon 14 Deletion, Exon 14 splicing mutation, Y1003	Non-small cell lung cancer	Crizotinib	Not TGA or FDA approved; NCCN Category 2A. Note: no conclusive data from large trials to date.	26729443, 10.1200/jco.2014.32.15_suppl.8001
2	MET	Amplification, Exon 14 Deletion, Exon 14 splicing mutation, Exon 14 skipping mutation	Non-small cell lung cancer	Capmatinib	Not TGA approved; FDA approved; GEOMETRY mono-1: In MET amplified group (defined as gene copy number, GCN, &gt;= 10), ORR 29% (previously treated) versus 40% (previously untreated). Limited response were seen with GCN &lt;10 (ORR 7-12%).	32877583, 10.1200/JCO.2019.37.15_suppl.9004
2	MET	Exon 14 Deletion, Exon 14 splicing mutation, Exon 14 skipping mutation	Non-small cell lung cancer	Tepotinib	Not TGA approved. FDA approved. VISION trial. ORR 48%. All lines of therapy.	32469185, 10.1016/j.jtho.2018.08.299
2	RET	Fusions, ARHGAP12-RET fusion, CCDC6-RET fusion, CCDC88C-RET fusion, CLIP1-RET fusion, DOCK1-RET fusion, ERC1-RET fusion, KIF5B-RET fusion, NCOA4-RET fusion, PRKAR1A-RET fusion, RBPMS-RET fusion, RELCH-RET fusion, TRIM24-RET fusion	Non-small cell lung cancer	Selpercatinib	Not TGA approved. LIBRETTO-001: First-line treatment. ORR 85%	32846060, 10.1200/JCO.2020.38.15_suppl.3584
2	RET	Fusions, CCDC6-RET fusion, KIF5B-RET fusion	Non-small cell lung cancer	Pralsetinib	Not TGA approved. FDA approved. ARROW. ORR 61% (53/87) with DCR 91% (79/87) in previous platinum group. 	34118197, 10.1200/JCO.2019.37.15_suppl.9008; 10.1200/JCO.2020.38.15_suppl.9515
2	ROS1	Fusions	Non-small cell lung cancer	Lorlatinib	Not TGA approved; Not FDA approved; NCCN 2A recommendation as subsequent-line therapy. NCT03052608: ORR 50% (6 / 12). NCT01970865: Phase 1/2- ORR 62% (TKI-naive) and 35% (prior treatment with crizotinib) with good intracranial activities.	29074098, 31669155
2	Tumour Mutational Burden	High	Non-small cell lung cancer	Nivolumab + Ipilimumab	Not TGA approved. Phase 3 CHECKMATE 227. Prespecified, prospective TMB cutoff of 10mut/MB in 57% of cohort. Median PFS: 7.2 vs 5.5 months. Not correlated with TMB. 	29658845
3	ALK	C1156Y, C1156T, L1196M	Non-small cell lung cancer	Ensartinib		28122866
3	ALK	C1156Y, C1156T, L1196M	Non-small cell lung cancer	Entrectinib		28122866
3	ALK	EML4-ALK Fusion, Fusions	Non-small cell lung cancer	Ensartinib		31628085
3	ALK	EML4-ALK Fusion, Fusions	Non-small cell lung cancer	Entrectinib		10.1200/jco.2015.33.15_suppl.2517
3	ALK	G1202R, G1202del, F1174, L1196M, G1269A, I1171	Non-small cell lung cancer	Lorlatinib	Loratinib has activities in patients who developed acquired resistance to first and second generation TKIs. ORR 42-89% across the list of mutations.	30892989
3	ALK	I1151ins, L1152P, L1152R, C1156Y, C1156T, F1174C, F1174L, F1174V, L1196M, S1206C, S1206Y, G1269A, G1269S	Non-small cell lung cancer	Brigatinib		28122866
3	ALK	I1151ins, L1152P, L1152R, C1156Y, C1156T, I1171T, I1171N, I1171S, F1174C, F1174L, F1174V, L1196M, G1202R, S1206C, S1206Y, E1210K, G1269A, G1269S	Non-small cell lung cancer	Lorlatinib		28122866
3	ALK	I1171T, I1171N, L1196M, S1206C, S1206Y, G1269A, G1269S	Non-small cell lung cancer	Ceritinib		28122866
3	ALK	L1152P, L1152R, C1156Y, C1156T, F1174C, F1174L, F1174V, L1196M, S1206C, S1206Y, G1269A, G1269S	Non-small cell lung cancer	Alectinib		28122866
3	ALK	L1198F	Non-small cell lung cancer	Crizotinib		26698910, 28122866 
3	EGFR	C797S, C797G	Non-small cell lung cancer	Erlotinib; Gefitinib		32206559
3	EGFR	Exon 19 deletion, L858R	Non-small cell lung cancer	Amivantamab + Lazertinib	ORR 36% 15PR 1CR in osimertinib resistance cohort. ORR 100% treatment naive	10.1016/j.annonc.2020.08.1572
3	EGFR	Exon 19 deletion, L858R	Non-small cell lung cancer	Amivantamab + Lazertinib	Phase 1 CHRYSALIS. Combination treatment after osimertinib relapse. Dose expansion N=45. ORR 36%	10.1200/JCO.2021.39.15_suppl.9006
3	EGFR	Exon 19 insertion	Non-small cell lung cancer	Erlotinib; Gefitinib		28089594
3	EGFR	Exon 20 insertion	Non-small cell lung cancer	Poziotinib	ZENITH20. ORR 35% (combined EGFR and ERBB2 groups). PFS 5.5 months	10.1016/j.annonc.2020.08.2293
3	EGFR	Exon 20 insertion, A763_Y764insFQEA, V769_D770insGG, V769_D770insASV, D770_N771insG, D770_N771insGL, D770_N771insGD, D770delinsGY, N771delinsKH, N771_P772insH, P772_H773insPNP, H773_V774insNPH, V774_C775insHV	Non-small cell lung cancer	Mobocertinib	Combined PPP and EXCLAIM cohort.	10.1200/JCO.2021.39.15_suppl.9014
3	EGFR	Exon 20 insertion, V769_D770insASV, D770_N771insG, D770_N771insSVD, D770delinsDV, N771_P772insSVDN, H773_V774insH, H773_V774insAH, H773_V774insPHPH, V774_C775insHV	Non-small cell lung cancer	DZD9008	Phase 1 WU-KONG1/2 trials. At the RP2D dose, ORR 48% (15/31). DCR 90% (28/31).	10.1200/JCO.2021.39.15_suppl.9008
3	EGFR	G719, L747S, S768I, L861Q	Non-small cell lung cancer	Osimertinib	Phase II KCSG-LU15-09: Osimertinib for Patients With NSCLC harboring uncommon EGFR Mutations. N=37, ORR 50%	31825714
3	EGFR	Oncogenic mutations, Exon 20 insertions, Exon 19 deletions, G719, G724S, G719Y, T790M, C797S, L858R, L861Q	Non-small cell lung cancer	Patritumab deruxtecan	Phase 1. Efficacy population (N=57). ORR 39% (22/57). DCR 72%. Median DCR 6.9 months. Similar efficacy seen in prior Osimertinib population. ORR 32% (8/25) in patients with brain metastasis. Response not dependent on HER3 membrane H-scores.	10.1200/JCO.2021.39.15_suppl.9007
3	EGFR	S768I, A767_V769dup, P772dupDNP, S768_D770dup, D770insG, D770insY, H773Y, N771insH, D770delinsGY	Non-small cell lung cancer	Poziotinib		29686424
3	EGFR+EGFR	C797S and Exon 19 deletion, C797S and L858R, L718 and Exon 19 deletion, L718 and L858R, G724S and Exon 19 deletion, G724S and L858R, L792H and Exon 19 deletion, L792H and L858R, G796S and Exon 19 deletion, G796S and L858R, E709K and Exon 19 deletion, E709K and L858R, Amplification and Exon 19 deletion, Amplification and L858R	Non-small cell lung cancer	Amivantamab + Lazertinib	Phase 1 CHRYSALIS. Combination treatment after osimertinib relapse. Dose expansion N=45. ORR 36%. The ORR in 17/45 (47%) with EGFR or MET-based resistance mechanism identified by NGS.	10.1200/JCO.2021.39.15_suppl.9006
3	EGFR+MET	EGFR:Exon 19 deletion and MET:amplification, EGFR:L858R and MET:amplification, EGFR:Exon 19 deletion and MET:exon 14 skipping mutation, EGFR:L858R and MET:exon 14 skipping mutation	Non-small cell lung cancer	Amivantamab + Lazertinib	Phase 1 CHRYSALIS. Combination treatment after osimertinib relapse. Dose expansion N=45. ORR 36%. The ORR in 17/45 (47%) with EGFR or MET-based resistance mechanism identified by NGS.	10.1200/JCO.2021.39.15_suppl.9006
3	EGFR+MET	EGFR:Oncogenic mutations and MET:amplification	Non-small cell lung cancer	Osimertinib + Savolitinib	Phase 1B TATTON. Significant ORR	32027846, 10.1158/1538-7445.AM2019-CT032
3	EGFR+MET	MET:amplification and EGFR:exon 19 deletion, MET:amplification and EGFR:L858R	Non-small cell lung cancer	Capmatinib + Gefitinib		30156984
3	EGFR+MET	MET:amplification and EGFR:exon 19 deletion, MET:amplification and EGFR:L858R	Non-small cell lung cancer	Tepotinib + Gefitinib	INSIGHT	32479794
3	ERBB2	A775_G776insYVMA, G776ins, G776R, G776C, P780_Y781insGSP, V777L	Non-small cell lung cancer	Pyrotinib	Phase 2. N=60. Previously treated NSCLC. ORR: 30%. DOR: 6.9mo. Median PFS: 6.9mo. NCT02834936	32614698
3	ERBB2	A775_G776insYVMA, G778_P780dup	Solid tumours; Non-small cell lung cancer	Poziotinib	Phase II. ORR 43% (5/12) and DCR 83%. NCT03066206.	31588020
3	ERBB2	A775_G776insYVMA, G778_P780dup, G776delinsVC, Exon 20 insertion, Exon 20 mutation	Non-small cell lung cancer	Poziotinib	N=30. NSCLC subsequent to platinum-based chemotherapy. ORR 27%. Median DOR 5.0 months. Median PFS 5.5 months. Median OS 15 months.	34550757
3	ERBB2	Exon 20 insertion	Non-small cell lung cancer	Poziotinib	ZENITH20. ORR 35% (combined EGFR and ERBB2 groups). PFS 5.5 months	10.1016/j.annonc.2020.08.2293
3	ERBB2	Exon 20 insertion, Exon 20 mutation	Non-small cell lung cancer	Trastuzumab + Pertuzumab + Docetaxel	Phase 2 IFCT-1703 R2D2. ORR 29% (13/45) in patients treated with at least one prior line of therapy.	10.1200/JCO.2021.39.15_suppl.9015
3	ERBB2	G778_P780dup	Non-small cell lung cancer	Afatinib; Dacomitinib; Pyrotinib; Poziotinib		32036069
3	ERBB2	G778_P780dup	Non-small cell lung cancer	Dacomitinib	Phase II trial: 2/2 patients harbouring the mutation responded to Dacomitinib with prolonged response.	25899785
3	ERBB2	Kinase domain mutation	Non-small cell lung cancer	Fam-trastuzumab deruxtecan-nxki	DESTINY-Lung01	10.1200/JCO.2020.38.15_suppl.9504
3	ERBB2	Oncogenic mutations, A775_G776insYVMA, exon 20 insertion	Non-small cell lung cancer	Pyrotinib		30596880
3	ERBB2	Oncogenic mutations, V659E, A775_G776insYVMA, G778_P780dup, G778insCPG, G776delinsVC, exon 20 insertion	Non-small cell lung cancer	Ado-Trastuzumab Emtansine	Not TGA approved. OncoKB LOE 2. 	30206164, 29989854
3	KRAS	G12C	Non-small cell lung cancer; Colorectal cancer; Solid tumours	Adagrasib	KRYSTAL-1. Combined Phase 1&amp;2. ORR 45% (NSCLC), 17% (CRC)	10.1016/S0959-8049(20)31076-5
3	KRAS	Oncogenic mutations	Non-small cell lung cancer	Selumetinib + Docetaxel	Ph2 ORR 37%. Negative Ph 3 SELECT-1	23200175, 28492898
3	MET	Amplification	Non-small cell lung cancer	Capmatinib	GEOMETRY mono-1 study	10.1200/JCO.2020.38.15_suppl.9509
3	MET	Amplification	Non-small cell lung cancer	Tepotinib	Phase II VISION Cohort B. N=24. MET gene copy number &gt;=2.5 by liquid biopsy. No exon 14 skipping mutations. ORR 42%.	10.1200/JCO.2021.39.15_suppl.9021
3	MET	Exon 14 Deletion, Exon 14 splicing mutation, Exon 14 skipping mutation	Non-small cell lung cancer	Crizotinib		31932802
3	MET	Exon 14 Deletion, Exon 14 splicing mutation, Exon 14 skipping mutation	Non-small cell lung cancer	Savolitinib		10.1158/1538-7445.AM2019-CT031
3	MET	Overexpression	Non-small cell lung cancer	Amivantamab + Lazertinib	Phase 1 CHRYSALIS. ORR 90% (9 in 10) in patients with IHC positive (defined as combined EGFR+MET H score &gt;= 400)	10.1200/JCO.2021.39.15_suppl.9006
3	RET	Fusions	Non-small cell lung cancer	BOS172738	ORR 33% (10/30)	10.1200/JCO.2021.39.15_suppl.3008
3	RET	Fusions	Non-small cell lung cancer	Cabozantinib	Not TGA approved. Single-arm phase 2. ORR 28%	27825636
3	RET	Fusions	Non-small cell lung cancer	Lenvatinib	Single-arm phase 2. ORR 16%. PFS 7.3mo	31710864
3	RET	Fusions	Non-small cell lung cancer	Vandetanib	Not TGA approved. ORR 18%. OncoKB LOE 2	27803005
3	RET	Fusions	Non-small cell lung cancer	Vandetanib	Single-arm phase 2. LURET. ORR 47%. PFS 4.7mo	27825636
3	RET	Fusions	Non-small cell lung cancer	Vandetanib	Single-arm phase 2. ORR 18%. PFS 4.5mo	27803005
3	ROS1	Fusion, G2032R	Non-small cell lung cancer	Repotrectinib	Exceptional Phase 1 activities (ORR 90%)	10.1200/JCO.2019.37.15_suppl.9011
3	ROS1	Fusions	Non-small cell lung cancer	Ceritinib	Positive phase 2 trial.	28520527
3	Tumour Mutational Burden	High	Non-small cell lung cancer	Durvalumab + Tremelimumab	MYSTIC trial	32271377
3	Tumour Mutational Burden	High	Non-small cell lung cancer	Ipilimumab + Nivolumab + Carboplatin + Pemetrexed; Ipilimumab + Nivolumab + Cisplatin + Pemetrexed; Ipilimumab + Nivolumab + Carboplatin + Paclitaxel	Checkmakte 9LA: In non-EGFR/ALK-altered NSCLC, the prespecified subgroup analysis showed that high tumour TMB (at cut off of 10 mut/MB) is associated with high ORR in the chemo + IO group (46 v 28%), also mPFS (8.9 vs 4.7mo) and OS (15.0 vs 10.8 mo). Similar benefit was was also observed in bTMB at the 16 and 20 mut/MB thresholds.	10.1016/S1556-0864(21)01940-7
4	ALK	Amplification, protein expression	Non-small cell lung cancer	Ensartinib		31628085, 25724526
4	ALK	Fusion, T1151M, T1151_L1152insT, L1152R, L1152P, C1156Y, I1171N, F1174L, F1174S, F1174C, V1180L, L1196M and L1198F, L1198F and C1156Y, L1198F, G1202R and L1198F, G1202R, G1202del, D1203N, D1203N and E1210K, S1206R, E1210K and S1206C, E1210K, L1196M, F1245C, G1269A, S1269S, R1275Q	Non-small cell lung cancer	TPX-0131	Cell line assays comparing TPX-0131 against approved ALK inhibitors	10.1158/1538-7445.AM2020-5226
4	ALK	T1151, C1156Y, F1174C, F1174L, F1174V, G1269A, L1196M, S1206R	Non-small cell lung cancer	Ensartinib		31857951
4	ARAF	S214C	Non-small cell lung cancer	Sorafenib	Single case report. OncoKB LOE 3	24569458
4	ATM	Protein expression	Non-small cell lung cancer	AZD1390 + Radiotherapy		29938225
4	CDKN2A	Loss of protein expression	Non-small cell lung cancer	Abemaciclib; Palbociclib	Cytostatic	27217383, 30647837
4	CDKN2A	Oncogenic mutations	Non-small cell lung cancer	Palbociclib	TAPUR. N=28. 1 PR. 6 SD	10.1200/JCO.2019.37.15_suppl.9041
4	CEACAM5	Overexpression	Non-small cell lung cancer	SAR408701		10.1200/JCO.2020.38.15_suppl.9505
4	EGFR	Amplification	Non-small cell lung cancer	Afatinib	Phase 2 EGFR FISH-positive NSCLC. ORR 13%. DCR 51%.	25514804
4	EGFR	Amplification AND L858R; Amplification AND Exon 19 deletion	Non-small cell lung cancer	Erlotinib	Retrospective study showing the subgroup with EGFR amplification and sensitizing mutations had prolonged PFS and ORR than those without. 	30284706
4	EGFR	Amplification and NOT Oncogenic mutation	Non-small cell lung cancer	Afatinib	Phase 2 EGFR FISH-positive NSCLC. Responders were seen with an ORR 4/43 (9%) in EGFR wild-type amplified patients. PFS 7.9 weeks.	25514804
4	EGFR	Amplification and NOT Oncogenic mutation	Non-small cell lung cancer	Gefitinib	Case report of wild-type amplified EGFR	30622811
4	EGFR	Amplification and NOT Oncogenic mutation	Non-small cell lung cancer	Gefitinib; Erlotinib	Retrospective study in 502 patients. In 226 patients with EGFR wildtype with amplification (FISH positive) treated with first-generation EGFR TKIs, ORR was 18% (11/62) versus 9% (16/185), and PFS was 4.4 months (FISH-positive) versus 2.0 months (FISH-negative). This is compared to mutation-positive group where ORR was 44% (110/252).	23557218
4	EGFR	Amplification AND NOT Oncogenic mutations	Non-small cell lung cancer	Afatinib	ORR of 4/43 (9%) in the EGFR FISH-positive subgroup (gene/chr ratio &gt;= 2, or Copy number &gt;= 15) without EGFR sensitising mutation. 	25514804
4	EGFR	E709_T710delinsD	Non-small cell lung cancer	Afatinib	Case report. Partial response to afatinib with clinical benefit of 23 months. 	34178699
4	EGFR	E709_T710delinsD	Non-small cell lung cancer	Afatinib	Case report. Both CT and metabolic response to afatinib.	28625646
4	EGFR	E709_T710delinsD	Non-small cell lung cancer	Gefitinib	Case report. 	22982663
4	EGFR	EGFR-RAD51 fusion	Non-small cell lung cancer	Erlotinib		27102076
4	EGFR	EGFR-RAD51 Fusion, EGFR-PURB fusion	Non-small cell lung cancer	Erlotinib		29290255, 27413714, 27102076
4	EGFR	Exon 18 deletion, Exon 18 mutation, E790_T790delinsD, E709K, G917A	Non-small cell lung cancer	Erlotinib; Gefitinib; Afatinib; Osimertinib	OncoKB LOE 3. Cell line study. In Ba/F3 cells transfected with exon 18 deletion or mutations, Afatinb demonstrated higher relative sensitivity (IC90) than Gefitinib, Erlotinib, as well as third-generation TKIs Osimertinib and CO1686.	26206867
4	EGFR	Exon 19 deletion and amplification; L858R and amplification; Exon 21 mutation  and amplification	Non-small cell lung cancer	Osimertinib + Necitumumab	ORCHARD trial	NCT03944772, NCT02496663
4	EGFR	Exon 20 mutation	Non-small cell lung cancer	EGFR inhibitor,exon 20 selective   	Review article	30854234
4	EGFR	G719, S768I, L861Q	Non-small cell lung cancer	Osimertinib	Patient-derived xenografts (PDX) and cell lines studies	32943544
4	EGFR	KIF5B-EGFR fusion	Non-small cell lung cancer	Afatinib + Bevacizumab		32903808
4	EGFR	Kinase Domain Duplication	Non-small cell lung cancer	Afatinib; Erlotinib; Gefitinib	OncoKB LOE 3	30255937, 19915609, 26286086
4	EGFR	L718V	Non-small cell lung cancer	Afatinib	Case report. Concomitant L858 and loss of T790M	29571986
4	EGFR	L747_A750delinsP	Non-small cell lung cancer	Afatinib	Cell line and in silico structural study demonstrating increased sensitivity to afatinib over erlotinib and osimertinib.	31182434
4	EGFR	L747P, L747S	Non-small cell lung cancer	Afatinib	Retrospective sample	31200815
4	EGFR	L747S, D761Y, T854A	Non-small cell lung cancer	Afatinib; Osimertinib	Cell line study	28424065
4	EGFR	L833V	Non-small cell lung cancer	Gefitinib	Case report	21422421
4	EGFR	Oncogenic mutations	Non-small cell lung cancer	Patritumab deruxtecan	Treatment-refractory EGFR mutant NSCLC. ORR 25% seen in multiple mechanisms of EGFR TKI resistance.	10.1016/j.annonc.2020.08.2295
4	EGFR	Overexpression	Non-small cell lung cancer; Head and neck squamous cell carcinoma 	Serclutamab Talirine		10.1200/JCO.2020.38.15_suppl.TPS3649
4	EGFR	T790M and C797S and T790M-C797S trans-allelic conformation	Non-small cell lung cancer	Erlotinib + Osimertinib		31075545
4	EGFR+ALK	EGFR:Oncogenic mutations and ALK:fusion	Non-small cell lung cancer	Osimertinib + Crizotinib; Osimertinib + Alectinib	Two case reports	30957057
4	EGFR+BRAF	EGFR:Oncogenic mutations and BRAF:V600E	Non-small cell lung cancer	Dabrafenib + Trametinib + Osimertinib	Case report	33580193
4	EGFR+ERBB2	EGFR:Oncogenic mutations and ERBB2:amplification	Non-small cell lung cancer	Osimertinib + Ado-Trastuzumab Emtansine		NCT03784599
4	EGFR+MET	EGFR:Oncogenic mutations and MET:amplification and NOT EGFR:T790M	Non-small cell lung cancer	Gefitinib + Savolitinib		30156984
4	EGFR+MET	EGFR:T790M and MET:amplification	Non-small cell lung cancer	Osimertinib + Crizotinib	Case reports	28274743, 30881166, 31157314
4	EGFR+MET	MET:Alteration and EGFR:Oncogenic mutations	Non-small cell lung cancer	Amivantamab		10.1200/JCO.2019.37.15_suppl.9009
4	EGFR+RET	EGFR:Oncogenic mutations and RET:fusion	Non-small cell lung cancer	Osimertinib + Pralsetinib	Two case reports	30257958
4	EGFR+ROS1	EGFR:Oncogenic mutations and ROS1:fusion	Non-small cell lung cancer	Osimertinib + Crizotinib	Case report	29935846
4	ERBB2	A775_G776insYVMA	Non-small cell lung cancer	Afatinib	1 PR and 2SD in retrospective case series	23610105
4	ERBB2	A775_G776insYVMA, G778_P780dup, G776	Non-small cell lung cancer	Afatinib	Case series.	22325357
4	ERBB2	D769H, D769Y, L755S, V777L, L755P, A775_G776insYVMA, Exon 20 insertion, L786V, V842I, L869R	Solid tumours; Non-small cell lung cancer	Poziotinib	Cell-line evidence	31588020
4	ERBB2	D769H, D769Y, L755S, V777L, L755P, L786V, V842I, L869R	Solid tumours; Non-small cell lung cancer	Afatinib; Dacomitinib; Neratinib		31588020
4	ERBB2	D769H, D769Y, V777L	Solid tumours; Non-small cell lung cancer	Lapatinib		31588020
4	ERBB2	D769H, D769Y, V777L, L786V, V842I, L869R 	Solid tumours; Non-small cell lung cancer	Pyrotinib		31588020
4	ERBB2	D769Y, D742N	Non-small cell lung cancer	Pyrotinib	The case report cannot confirm dual driver	32327210
4	ERBB2	Exon 16 skipping mutation	Non-small cell lung cancer	Afatinib		31557536
4	ERBB2	Oncogenic mutations, A775_G776insYVMA, exon 20 insertion	Non-small cell lung cancer	Neratinib	Single responders in lung ca.	29420467
4	ERBB2	Overexpression, amplification	Non-small cell lung cancer	Fam-trastuzumab deruxtecan-nxki	DESTINY-Lung01, no data available yet. Hypothesis generating	10.1200/JCO.2020.38.15_suppl.9504
4	ERBB4	Oncogenic mutations	Non-small cell lung cancer; Melanoma	Lapatinib + Afatinib		29902295
4	EZH2	Oncogenic mutations, A677G, Y641N, Y641C, Y641H, Y641S, Y641F, Y646, A687V	Non-Hodgkin’s lymphoma	Tazemetostat		24563539
4	FANCD2	Loss-of-function mutations, Oncogenic mutations	Non-small cell lung cancer	Veliparib	Cell line study only using FANCD2 knockout	25566506
4	FGFR2	FGFR2-BICC1 fusion	Non-small cell lung cancer	Erdafitinib	Case report showing partial response to erdafitinib	10.1200/PO.20.00110
4	KEAP1+KRAS	KRAS:G12C AND NOT KEAP1:Oncogenic mutations	Non-small cell lung cancer	Sotorasib	Higher ORR (44%) was identified in patients with KEAP oncogenic mutations treated with Sotorasib in the CodeBreak100 trial.	34096690, 10.1200/JCO.2021.39.15_suppl.9003
4	KRAS	Oncogenic mutations	Non-small cell lung cancer	SHP2 inhibitor		29808006
4	KRAS	Oncogenic mutations	Non-small cell lung cancer	Trametinib	Phase II, ORR 12% but worse PFS than docetaxel	10.1200/jco.2013.31.15_suppl.8029
4	KRAS	Oncogenic mutations	Non-small cell lung cancer	Trametinib + Ponatinib	Intrinsic MEK resistance by FGFR1 activation	27338794, NCT03704688
4	KRAS+ERBB3	KRAS:Oncogenic mutations and ERBB3:Overexpression	Non-small cell lung cancer; Colorectal cancer	Afatinib + Selumetinib	By ERBB3 overexpression	24685132
4	KRAS+STK11	KRAS:G12C and STK11:Oncogenic mutations	Non-small cell lung cancer	Adagrasib	KRYSTAL-1. Higher ORR was seen in 64% (9/14) with STK11 mutations	10.1016/S1556-0864(21)01941-9
4	MAP2K1	K57N, Q56P	Non-small cell lung cancer	Selumetinib	Cell line study showing NSCLC cells sensitive to AZD6244	18632602
4	MAP2K1	Oncogenic mutations	Non-small cell lung cancer	Cobimetinib; Trametinib	OncoKB LOE 3	31715422
4	MET	Amplification	Non-small cell lung cancer	Tepotinib		NCT02864992
4	MET	Exon 14 deletion, Exon 14 splicing mutation,  Exon 14 skipping mutation	Non-small cell lung cancer	Crizotinib	Case reports	26845194, 27022036
4	MET	Exon 14 deletion, Exon 14 splicing mutation,  Exon 14 skipping mutation	Non-small cell lung cancer	Crizotinib; Cabozantinib	Case series.	26896094
4	MET	Exon 14 deletion, Exon 14 splicing mutation,  Exon 14 skipping mutation, Y1003, D1010, Amplification, D1228, G1163	Non-small cell lung cancer	Cabozantinib	Cabozantinib has activities; Note MET IHC not a biomarker	30762593, 27825638, 27693535
4	MET	Fusions	Non-small cell lung cancer; Glioblastoma	Crizotinib	Case reports	29527595, 30339198, 27748748
4	MET	Y1003S	Non-small cell lung cancer	Crizotinib	Case report showing significant response and DOR	30885356
4	MET	Y1021H	Non-small cell lung cancer	Crizotinib	Case report, sensitive to Crizotinib	31809977
4	NF1	Oncogenic mutations	Non-small cell lung cancer	Trametinib		NCT03232892
4	NOTCH3	Overexpression	Non-small cell lung cancer	MRK003	Pre-clinical evidence	17804716
4	NRG1	Fusion; CD74-NRG1 fusion; POMK-NRG1 fusion; APP-NRG1 fusion	Non-small cell lung cancer; Solid tumours	Afatinib	Case series. Partial response seen in patients with fusion in two NSCLC, one colorectal cancer, and one pancreatic cancer treated with afatinib. Two NSCLC patients treated with afatinib were seen with prolonged responses.	10.1200/JGO.2019.5.suppl.110
4	NRG1	Fusion; CD74-NRG1 fusion; SLC3A2-NRG1 fusion	Non-small cell lung cancer	Afatinib	Case reports. Partial response seen in patients with fusion in two NSCLC with responses of 6 and 10 months respectively.	28502724
4	NRG1	Fusion; SDC4-NRG1 fusion; ATP1B1-NRG1 fusion	Non-small cell lung cancer; Cholangiocarcinoma	Afatinib	Case reports. Partial response seen in patients with fusion in two NSCLC.	28950338
4	NRG1	Fusion; SLC3A2-NRG1 fusion	Non-small cell lung cancer	Lumretuzumab + Erlotinib	Case report of  invasive mucinous adenocarcinoma of lung. NRG fusion	30268483
4	NRG1	Fusions	Non-small cell lung cancer	Afatinib	Retrospective registry-based study. Afatinib ORR 25%. CD74-NRG1 and non-CD74-NRG1 have similar ORR (22% and 27% respectively).	34077268
4	RASA1	Loss-of-function mutations; Oncogenic mutations	Non-small cell lung cancer	Trametinib		29127119
4	RET	Fusions, KIF5B-RET fusion	Non-small cell lung cancer	Cabozantinib	Case report. Best response is SD for 9 months.	30653139
4	RET	Fusions, TRIM33-RET fusion, KIF5B-RET fusion	Non-small cell lung cancer	Cabozantinib	Case series from a Phase 2 study of XL-184 in RET-positive NSCLC. Two responders. DOR not reported.	23533264
4	RET	RET fusions and NOT KIF5B-RET fusion	Non-small cell lung cancer	Agerafenib		31710864
4	ROS1	Fusions	Non-small cell lung cancer	AZD3463		26372962
4	ROS1	Fusions	Non-small cell lung cancer	Brigatinib	Not TGA approved	10.1200/PO.18.00267, 10.1158/1538-7445.AM2013-5655
4	ROS1	Fusions	Non-small cell lung cancer	Cabozantinib		32103985, NCT01639508
4	ROS1	Fusions	Non-small cell lung cancer	Ensartinib	In Phase 2 trial	NCT03608007
4	ROS1	Fusions; G2032R	Non-small cell lung cancer	DS-6051b		31399568
4	ROS1	G2032R	Non-small cell lung cancer	Cabozantinib	Cell-line evidence only	31395437, 25351743
4	ROS1	SLC12A2-ROS1 fusion	Non-small cell lung cancer	Crizotinib	Case report	33682977
4	SMARCA4	Loss-of-function mutations	Non-small cell lung cancer	Palbociclib	SMARCA4 loss is synthetic lethal with palbociclib in NSCLC cell line.	30718506
4	Tumour Mutational Burden	High	Non-small cell lung cancer	Nivolumab	Exploratory analysis from Checkmate 026. High TMB was defined as highest third of mutations in the study cohort.	28636851
R1	EGFR	Exon 20 insertion except A763_Y764insFQEA	Non-small cell lung cancer	Gefitinib; Neratinib; Afatinib; Erlotinib; Dacomitinib		21764376
R1	EGFR	T790M	Non-small cell lung cancer	Gefitinib; Neratinib; Afatinib; Erlotinib; Dacomitinib		18227510
R2	ALK	Amplification	Non-small cell lung cancer	Crizotinib		22323827, 22277784
R2	ALK	Fusion	Non-small cell lung cancer	Osimertinib	Off-target mechanism	23470965
R2	ALK	Fusion	Non-small cell lung cancer	Pembrolizumab; Atezolizumab; Nivolumab; Anti-PD-1 monoclonal antibody; Anti-PD-L1 monoclonal antibody	IMMUNOTARGET registry	31125062
R2	ALK	G1128A, E1129V, L1122V, C1156Y, D1160H, F1174, R1192P, L1196M, L1198F, G1202R, G1269A	Non-small cell lung cancer	Crizotinib	Resistance listed for groups EXP2/EXP3A (crizotinib) only. For EXP(3B-5), exposure to individual drugs was not detailed in the publication.	30892989
R2	ALK	G1202R, G1202del	Non-small cell lung cancer	Ensartinib		31857951
R2	ALK	G1202R, G1202del	Non-small cell lung cancer	Entrectinib		28122866
R2	ALK	G1202R, G1202del, D1203N, E1210K, E1210K and S1206C, E1210K and D1203N	Non-small cell lung cancer	Brigatinib		28122866, 28435288, 29935304
R2	ALK	G1269S	Non-small cell lung cancer	Crizotinib	Cell line assays comparing TPX-0131 against approved ALK inhibitors	10.1158/1538-7445.AM2020-5226
R2	ALK	I1151ins, L1152R, C1156Y, F1174L, F1174V, L1198F, L1196M, L1198P, G1202R, G1202del, S1206Y, G1269A, D1203N	Non-small cell lung cancer	Crizotinib		21030459, 28050598, 26698910, 28122866, 26568289, 22277784
R2	ALK	I1151ins, L1152R, L1152P, C1156Y, C1156T, F1174C, F1174L, F1174V, G1202R, G1202del	Non-small cell lung cancer	Ceritinib		28050598; 28122866;  26568289
R2	ALK	I1171N, G1202R, G1202del	Non-small cell lung cancer	Alectinib	Cell line assays comparing TPX-0131 against approved ALK inhibitors	10.1158/1538-7445.AM2020-5226
R2	ALK	I1171T, I1171ins, I1171N, I1171S, V1180L, G1202R, G1202del	Non-small cell lung cancer	Alectinib		28050598; 28122866; 25228534; 26568289; 29935304
R2	ALK	L1196M and L1198F, C1156Y and G1202R, L1196M and G1202R, L1198F and G1202R, G1202R and G1269A	Non-small cell lung cancer	Crizotinib	Cell line assays comparing TPX-0131 against approved ALK inhibitors	10.1158/1538-7445.AM2020-5226
R2	ALK	L1196M and L1198F, L1198F and C1156Y, C1156Y and G1202R, L1196M and G1202R, L1198F and G1202R, G1202R and G1269A	Non-small cell lung cancer	Alectinib; Brigatinib; Ceritinib; Lorlatinib	Cell line assays comparing TPX-0131 against approved ALK inhibitors	10.1158/1538-7445.AM2020-5226
R2	ALK	L1198F and C1156Y	Non-small cell lung cancer	Lorlatinib		28122866
R2	ALK	L1198F, G1202R	Non-small cell lung cancer	Ceritinib	Cell line assays comparing TPX-0131 against approved ALK inhibitors	10.1158/1538-7445.AM2020-5226
R2	BCL2L11	Deletion	Non-small cell lung cancer	Gefitinib; Erlotinib		22426421
R2	BRAF	Oncogenic mutations, fusion	Non-small cell lung cancer	Osimertinib	Off-target mechanism	23470965
R2	BRAF+EGFR	EGFR:Oncogenic mutations and BRAF:fusion	Non-small cell lung cancer	EGFR inhibitor            	Off-target mechanism	30831205
R2	BRAF+KRAS	BRAF:V600E AND KRAS:Q61R	Non-small cell lung cancer	Dabrafenib + Trametinib		32388065
R2	BRAF+MAP2K1	BRAF:V600E AND MAP2K1:K57N	Non-small cell lung cancer	Dabrafenib + Trametinib		32388065
R2	BRAF+NRAS	BRAF:V600E AND NRAS:Q61R	Non-small cell lung cancer	Dabrafenib + Trametinib		32388065
R2	BRAF+PTEN	BRAF:V600E AND PTEN:Oncogenic mutations	Non-small cell lung cancer	Dabrafenib + Trametinib		32388065
R2	BRCA1	Oncogenic mutations	Non-small cell lung cancer	Rucaparib	Phase 2 Lung-MAP Sub-Study, S1900A. ORR 7%. In BRCA1/2 cohort, ORR 13%	10.1200/JCO.2021.39.15_suppl.9024
R2	BRCA2	Oncogenic mutations	Non-small cell lung cancer	Rucaparib	Phase 2 Lung-MAP Sub-Study, S1900A. ORR 7%. In BRCA1/2 cohort, ORR 13%	10.1200/JCO.2021.39.15_suppl.9024
R2	EGFR	Amplification	Non-small cell lung cancer	Capmatinib; Crizotinib	Off-target resistance	32034073
R2	EGFR	Amplification	Non-small cell lung cancer	Crizotinib	Case series. EGFR Amplification in three cases	31548343
R2	EGFR	Amplification	Non-small cell lung cancer	Osimertinib		32385709, 28625643
R2	EGFR	Amplification	Non-small cell lung cancer	Osimertinib	Cell line data. Wild type EGFR	28202511
R2	EGFR	C797S, C797G	Non-small cell lung cancer	Afatinib		32206559
R2	EGFR	C797S, C797G	Non-small cell lung cancer	Osimertinib		25964297; 30073261
R2	EGFR	D761Y	Non-small cell lung cancer	Gefitinib	Acquired resistance	17085664, 18981003
R2	EGFR	E709_T710delinsD, L747P, V774M, F784F, K806E, N826Y, N842S, T847I, V851I	Non-small cell lung cancer	Gefitinib; Erlotinib	No responders in patients harbouring certain uncommon mutations in retrospective series.	21531810
R2	EGFR	Exon 20 mutation	Non-small cell lung cancer	Gefitinib; Erlotinib; Afatinib; Dacomitinib	On-target resistance	24353160
R2	EGFR	L718V, L718Q, G719	Non-small cell lung cancer	Osimertinib	OncoKB R2 (concordant)	29506987, 31301016
R2	EGFR	L747_A750delinsP	Non-small cell lung cancer	Erlotinib; Osimertinib	Cell line and in silico structural study demonstrating increased sensitivity to afatinib over erlotinib and osimertinib.	31182434
R2	EGFR	L747_A750delinsP	Non-small cell lung cancer	Gefitinib	Case report of primary Gefitinib resistance. TP53 co-mutation was present.	32883519
R2	EGFR	L747P	Non-small cell lung cancer	Osimertinib	Case report	29673089
R2	EGFR	L747P, L747S	Non-small cell lung cancer	Gefitinib; Erlotinib		31200815
R2	EGFR	L792H	Non-small cell lung cancer	Afatinib		32206559
R2	EGFR	Oncogenic mutations	Non-small cell lung cancer	Pembrolizumab; Atezolizumab; Nivolumab; Anti-PD-1 monoclonal antibody; Anti-PD-L1 monoclonal antibody	Meta-analysis of five clinical trials suggest that immune check point blockades confers no survival benefit as second-line therapy.	29270615
R2	EGFR	R451C, G465R, S464L, I491M, ectodomain mutation	Non-small cell lung cancer	Panitumumab	Ectodomain mutations	25623215
R2	EGFR	S492R, K467T, G465R, S464L, I491M, ectodomain mutation	Non-small cell lung cancer	Cetuximab	Ectodomain mutations	22270724, 27929064, 25623215
R2	EGFR	S768_D770dup	Non-small cell lung cancer	Afatinib		32412152
R2	EGFR	T751_I759delinsS, S752_I759del	Non-small cell lung cancer	Gefitinib; Erlotinib	Retrospective study. EGFR exon 19 deletion with starting codon of T751or S752 have a comparatively shorter median PFS.	32418166
R2	EGFR	T790M and L792H, T790M and G796R	Non-small cell lung cancer	Osimertinib		32206559
R2	EGFR	T790M, C797S	Non-small cell lung cancer	Poziotinib		32412152, 10.1016/j.jtho.2019.08.1801
R2	EGFR	T790M, C797S, C797G	Non-small cell lung cancer	Dacomitinib		29410323, 32206559
R2	EGFR	V843I	Non-small cell lung cancer	Gefitinib; Erlotinib; Afatinib; Dacomitinib		25057940
R2	EGFR+ALK	EGFR:Oncogenic mutations and ALK:fusion	Non-small cell lung cancer	Gefitinib; Erlotinib; Afatinib; Osimertinib		30957057
R2	EGFR+BRAF	EGFR:Oncogenic mutations and BRAF:V600E	Non-small cell lung cancer	Osimertinib	Case report	33580193
R2	EGFR+EGFR	EGFR:T790M and EGFR:C797S and EGFR:T790M-C797S cis-allelic conformation	Non-small cell lung cancer	Osimertinib	On-target resistance	31075545
R2	EGFR+RB1	EGFR:Oncogenic mutations and RB1:Oncogenic mutations	Non-small cell lung cancer	Gefitinib; Erlotinib; Afatinib; Osimertinib	Small-cell transformation	25758528, 30550363
R2	EGFR+RET	EGFR:Oncogenic mutations and RET:fusion	Non-small cell lung cancer	Gefitinib; Erlotinib; Afatinib; Osimertinib		30257958, 30957057
R2	EGFR+ROS1	EGFR:Oncogenic mutations and ROS1:fusion	Non-small cell lung cancer	Gefitinib; Erlotinib; Afatinib; Osimertinib		29935846
R2	EGFR+TP53	EGFR:Oncogenic mutations and TP53:Oncogenic mutations	Non-small cell lung cancer	Gefitinib; Erlotinib; Afatinib; Osimertinib	Small-cell transformation	30550363
R2	ERBB2	A775_G776insYVMA	Non-small cell lung cancer	Dacomitinib	No partial response observed in thirteen patients	25899785
R2	ERBB2	A775_G776insYVMA	Solid tumours; Non-small cell lung cancer	Afatinib; Dacomitinib		31588020
R2	ERBB2	Amplification	Non-small cell lung cancer	Erlotinib; Gefitinib	Off-target mechanism	23470965
R2	ERBB2	Exon 16 skipping mutation	Non-small cell lung cancer	Osimertinib	In EGFR L858R/T790M-positive lung adenocarcinoma who developed resistance to osimertinib through an Src-independent pathway.	31557536, 33209639
R2	ERBB2	Exon 20 insertion except G778ins, S779ins, P780ins	Solid tumours; Non-small cell lung cancer	Afatinib; Dacomitinib; Neratinib; Pyrotinib		31588020
R2	ERBB3	Amplification	Non-small cell lung cancer	Capmatinib	Off-target resistance	32034073
R2	FBXW7	Deletion	Non-small cell lung cancer	Gefitinib		29633504
R2	FGFR3	Fusion	Non-small cell lung cancer	Osimertinib	Off-target mechanism	23470965
R2	KRAS	Amplification	Non-small cell lung cancer	Crizotinib	Case series.	31548343
R2	KRAS	Amplification, G12D	Non-small cell lung cancer	Crizotinib	Off-target resistance	32034073
R2	KRAS	G12S	Non-small cell lung cancer	Osimertinib	Secondary resistance post Osimertinib	27252416
R2	KRAS	G13D	Non-small cell lung cancer	Osimertinib	Cell line data. Off-target resistance	28202511
R2	KRAS	Oncogenic mutations	Non-small cell lung cancer	Osimertinib	Off-target mechanism	23470965
R2	KRAS+MET	MET:exon 14 skipping mutation and KRAS:Oncogenic mutations	Non-small cell lung cancer	Crizotinib		30352902
R2	Loss-of-heterozygosity score	High	Non-small cell lung cancer	Rucaparib	Phase 2 Lung-MAP Sub-Study, S1900A. ORR 7%. Genomic LOH does not predict activity.	10.1200/JCO.2021.39.15_suppl.9024
R2	MET	Amplification	Non-small cell lung cancer	Gefitinib; Erlotinib; Afatinib; Dacomitinib; Osimertinib		30676858
R2	MET	Amplification	Non-small cell lung cancer	Osimertinib	Secondary resistance post Osimertinib. Amplification determined by FISH.	27252416
R2	MET	D1228N	Non-small cell lung cancer	Crizotinib		27343442
R2	MET	D1228N, D1228	Non-small cell lung cancer	Capmatinib; Tepotinib; Savolitinib		32034073
R2	MET	D1246N	Non-small cell lung cancer	Crizotinib	Case report. Emergent variant post exposure to Crizotinib. Possible Acquired resistance	31809977
R2	MET	F1007fs	Non-small cell lung cancer	Crizotinib	Case report. Primary resistance to crizotinib	29935852
R2	MET	G1163R, D1228H, D1228A, Y1230H	Non-small cell lung cancer	Crizotinib	Case report. Emergent mutations detected on ctDNA at the time progression after treatment with crizotinib.	29110851
R2	MET	H1094Y, L1195V	Non-small cell lung cancer	Glesatinib		32034073
R2	MET	L1195V, Y1230, D1228N, D1228, D1246, Y1248, G1163	Non-small cell lung cancer	Crizotinib	Strong evidence for Crizotinib. Capmatinib inferred	28522754, 27987579, 32306194, 32034073
R2	MET	No protein expression	Non-small cell lung cancer	Amivantamab + Lazertinib	Phase 1 CHRYSALIS. ORR 10% (1 in 10 patients) with negative IHC (defined as combined EGFR+MET H score &lt; 400)	10.1200/JCO.2021.39.15_suppl.9006
R2	MET	Y1230C	Non-small cell lung cancer	Crizotinib	Case report. Pre-treatment D1010H sensitizing to crizotinib.	27666659
R2	MET	Y1230H	Non-small cell lung cancer	Crizotinib	Case report. Acquired resistance	28629543
R2	MET	Y1230S, Y1230H, D1228N, D1228H, F1200I, L1195V, S244fs	Non-small cell lung cancer	Crizotinib	Case series.	31548343
R2	MET+TP53	MET:Exon 14 skipping mutation and TP53:Oncogenic mutations	Non-small cell lung cancer	Crizotinib	Case series. TP53 mutation shown in post-exposure to crizotinib 7 of 12 cases.	31548343
R2	NF1	Oncogenic mutations	Non-small cell lung cancer	Crizotinib	Case series.	31548343
R2	NRG1	Fusions	Non-small cell lung cancer	Pembrolizumab + Carboplatin + Pemetrexed	Retrospective registry-based study. Chemoimmunotherapy ORR 0%.	34077268
R2	NRG1	Overexpression	Non-small cell lung cancer	Seribantumab + Docetaxel	No PFS improvement in EGFR wt NSCLC	10.1200/JCO.2019.37.15_suppl.9036
R2	PIK3CA	G118D	Non-small cell lung cancer	Osimertinib	Cell line data. Off-target resistance	28202511
R2	PIK3CA	Oncogenic mutations	Non-small cell lung cancer	Osimertinib	Off-target mechanism	23470965
R2	RET	Fusion	Non-small cell lung cancer	Osimertinib	Off-target mechanism	23470965
R2	RET	KIF5B-RET fusion	Non-small cell lung cancer	Agerafenib		31710864
R2	ROS1	E1395G, L1947R, G1971E, S1986Y, S1986F, L2026M, G2032R, D2033N, S2060G, V2098U, L2155S	Non-small cell lung cancer	Crizotinib		26372962, 31395437
R2	ROS1	F2004C, F2075V, D2113G	Non-small cell lung cancer	Cabozantinib		26372962, 31395437, 25351743
R2	ROS1	G2032R	Non-small cell lung cancer	Lorlatinib		26372962, 31395437
R2	ROS1	G2032R, D2033N	Non-small cell lung cancer	Ensartinib		26372962, 31395437
R2	ROS1	L1951R, G2032R, D2033N, G2101A, L2155S	Non-small cell lung cancer	Ceritinib		26372962, 31395437
R2	ROS1	L1951R, L2026M, G2032R, D2033N	Non-small cell lung cancer	Brigatinib		26372962, 31395437
R2	ROS1	L2026M, G2032R	Non-small cell lung cancer	AZD3463		26372962, 31395437
R2	ROS1	L2026M, G2032R, D2033N	Non-small cell lung cancer	Entrectinib		26372962, 31395437
R2	ROS1+MET	ROS1:fusion AND MET:D1228N	Non-small cell lung cancer	Crizotinib	Case report	33000474
R2	STK11+KRAS	STK11:Oncogenic mutations AND KRAS:Oncogenic mutations	Non-small cell lung cancer	Anti-PD-1 monoclonal antibody; Anti-PD-L1 monoclonal antibody	Pre-clinical study	29773717
